"","sens_28_spec_89","sens_57_spec_80","sens_64_spec_76","sens_70_spec_70","sens_75_spec_66","sens_88_spec_63","sens_90_spec_58","sens_95_spec_19","sens_100_spec_3"
"1",35588.1389267984,35750.905529041,35798.754608841,35840.1210122357,35876.1197794182,35990.7909950618,36013.6447373811,36116.3915821893,36167.8031300915
"2",27124.542005256,27258.1718099639,27297.3559817012,27333.1497413282,27351.9490682291,27419.28442085,27438.3791835526,27554.4943399995,27609.4855308674
"3",40120.6851330038,40281.1148095702,40297.1169961451,40324.1621786338,40379.3891595497,40450.6421918719,40476.8093933204,40560.8372532138,40646.970129533
"4",44691.4783829285,44874.7590407372,44909.1030678209,44932.8421439161,44962.9647826109,45040.1728024974,45058.5119991567,45161.5362359803,45221.6556491043
"5",24542.8683419497,24709.2802903218,24729.5161142506,24764.1424458198,24792.2362691967,24835.3250575069,24847.7321763089,24954.9492495897,24995.7345059959
"6",34370.7037230225,34508.764068517,34554.3122203142,34589.9021240585,34612.3926714953,34665.6781885943,34681.0595334733,34794.4914030306,34834.372833657
"7",35339.9926980209,35583.8656324997,35641.416182658,35695.8524927431,35762.7581255769,35831.8301814013,35845.8104560034,35963.3045588351,36050.0965873122
"8",51699.0471395925,51866.6692195526,51910.4409023558,51938.8530985858,51956.3009742709,52030.9154448934,52056.6432084583,52159.2295949093,52201.4361501445
"9",37067.0303799751,37185.7101992336,37283.1650221205,37331.360708148,37364.7201102037,37510.0914119054,37523.3368094429,37642.9279522412,37686.8494526091
"10",30041.1421081436,30156.8318152881,30196.0525258769,30219.0237526374,30243.5352566291,30308.4358809302,30326.6821957189,30408.5315062823,30450.7637569865
"11",33948.9572321232,34075.6513713395,34098.9174510813,34142.9246286204,34166.9090863345,34243.1278724694,34255.8809436148,34341.3923776353,34377.814220787
"12",28903.5689584868,29176.748039771,29284.6365473055,29304.4561875901,29320.8677172948,29436.5913507198,29458.736167875,29577.984879981,29667.9922583521
"13",39396.0251420866,39543.3798699213,39590.7753976079,39616.8017127023,39632.452347084,39754.6928227356,39785.5818360439,39867.4161959585,39912.0157954645
"14",31396.7596823803,31547.2529809981,31563.8279431835,31612.8846588767,31626.6459381332,31744.1662442074,31784.5410139249,31886.0851470602,31947.1378857301
"15",28495.5582838116,28623.4323915855,28673.9571911737,28697.1708098262,28724.1314086571,28820.3905523328,28853.5003399494,28944.4110471215,29014.7183638215
"16",38702.4077387612,38827.8291781452,38860.7843078516,38882.5966188844,38896.365015008,38961.2218304263,38975.1920804965,39100.4375191585,39167.7118758549
"17",32862.7904426524,33014.0703371922,33063.5256202874,33098.6357888799,33148.2318448925,33227.563828537,33242.169786369,33334.0277526774,33372.1590989724
"18",28127.6107721273,28343.1056531747,28383.0514456511,28407.0922801603,28451.4944602827,28503.4761961392,28529.7820943776,28659.9256870175,28704.2181200289
"19",37691.9763005804,37820.070669849,37847.1033269917,37878.9457560389,37915.6804539615,38002.0478448174,38014.2585192028,38162.2676556846,38200.5199964346
"20",25903.3269357147,26011.7777124112,26032.8427411853,26051.2308764297,26109.1963526903,26133.9022384136,26169.8361897396,26287.8109940544,26363.0329477547
"21",37423.8048112007,37643.8628507348,37694.0583786015,37734.0197097342,37747.6081958577,37791.7856516436,37826.8469682088,37914.0669649302,37973.3867952133
"22",33364.9564138027,33490.4905533492,33521.9428142194,33567.9468577589,33602.5032169514,33659.5913011293,33672.6701097577,33760.7775361467,33800.6302493411
"23",36999.3482735331,37107.7269674458,37142.8744626059,37184.4897997743,37201.8308970361,37270.2005644419,37282.7848376601,37371.8861796146,37415.5796107472
"24",33230.4540983073,33358.0566288715,33382.4451989317,33413.5524073237,33431.6130122742,33502.3057057265,33513.6335953079,33609.2035198864,33650.1121512985
"25",31869.3519028539,32032.0983950327,32061.2519447457,32118.4912716323,32276.1870644911,32327.5168222376,32360.4151279111,32477.3131706133,32549.8729955498
"26",51722.2059423036,51829.7681516116,51851.0990134704,51893.645531019,51922.0451222132,51961.209307706,51974.2923084182,52059.7649234815,52103.3566896492
"27",43816.4653368258,44099.350988043,44126.0845883735,44146.3185919378,44166.4105653712,44220.5851217987,44233.4137252479,44318.6296422643,44366.4231326905
"28",46989.7620934596,47129.7231166119,47150.8568699037,47171.2931783394,47216.2606183228,47271.2615199047,47285.7848629085,47410.4497418041,47447.0048614874
"29",39625.7441070503,39841.4216790892,39914.2191892354,39966.4547386199,39987.0438713975,40094.9775081689,40129.1539694119,40251.7479169325,40334.2397957366
"30",36264.4993441291,36354.5290648097,36397.3194001185,36419.2008128761,36432.94271393,36487.7170628462,36502.6557507249,36592.1658625816,36652.4866101359
"31",29399.553816085,29757.951741942,29875.9003676564,29919.925986823,29978.2311170865,30058.1786363912,30071.2915412008,30188.2631952834,30236.4949717501
"32",38705.7687095308,38850.3661467705,38897.9248675609,38977.6469065117,39005.0330600712,39111.7382160316,39123.3298154868,39221.1986430222,39279.2974348529
"33",34464.1456037593,34621.5457651029,34651.7857496467,34696.9175874901,34723.5528853213,34802.0263518141,34813.1807238882,34910.7502948084,34968.1539415275
"34",34911.2065921184,35118.1894947667,35147.4925102131,35198.6040582223,35256.389282389,35354.4842413243,35386.1032577997,35489.305379746,35539.8565787625
"35",28117.7470677714,28271.4103648705,28314.0515260428,28338.8277081533,28372.3820434901,28468.6537227704,28482.3819834683,28572.1219784273,28611.9886170281
"36",35858.0269979267,36028.1462979424,36073.5161165753,36132.1533869044,36167.8408495292,36211.4382248829,36242.4734014317,36338.4590146175,36381.4484223348
"37",35394.316556924,35494.0924302479,35546.7794167106,35593.7516500431,35643.7059685695,35697.5441206726,35728.9859550904,35825.6930467863,35865.2947428616
"38",27473.7833034454,27585.9193440256,27621.3298577632,27645.7929713406,27659.7580693785,27697.6522164694,27711.4447504392,27793.4494066588,27839.566027664
"39",29568.5273172934,29834.6890785344,29875.3292223874,29931.3858387772,29951.6988051563,30038.5053940955,30051.570379413,30145.8550868725,30200.8396741987
"40",39005.8086767983,39129.6040073469,39148.4114213183,39219.361191584,39302.350716433,39387.2559490495,39433.8410952574,39512.5893464991,39557.1541860712
"41",42540.6306327673,42629.0571299552,42678.7450996468,42698.0847425114,42713.060285376,42765.7701978172,42777.4511502043,42865.137857864,42955.0850260898
"42",44348.9881819098,44676.0493083081,44716.7972342132,44751.0026265409,44778.6464409524,44921.106373792,44969.6314319037,45108.3720369689,45181.5765559297
"43",28228.5962004212,28342.0834532131,28374.9661182287,28398.4890598199,28453.1713171751,28565.5841095468,28578.9617987707,28667.5311362767,28732.6665610465
"44",46867.8858516796,47087.9018377396,47151.728865557,47199.6725249798,47228.3991865415,47325.0473013914,47344.6791698572,47460.0817561561,47542.9823984303
"45",23487.4779623704,23595.4007294626,23618.2628762974,23648.1697307113,23685.7322942217,23746.3806986123,23761.3614281576,23878.8395304158,23930.2076220608
"46",35353.8670352657,35607.0070168612,35657.573769504,35710.6384811707,35746.477993635,35786.6734304163,35848.4057497341,35949.3038846438,36021.6903082011
"47",40393.0772682074,40531.0164773818,40548.233481141,40573.9678612398,40588.4184640184,40660.8303151569,40671.3416676902,40785.3066022887,40823.3125088264
"48",39935.80528412,40117.4694725557,40183.9488850734,40238.9178010447,40253.8048039856,40337.3269594895,40374.818584852,40485.508442411,40560.0493248586
"49",35039.0483743264,35255.5556103166,35316.0594400073,35368.8306869105,35410.800447454,35573.4050713132,35585.1616592418,35720.6132073651,35770.8828582714
"50",33141.8663797996,33291.1261344812,33316.1844957526,33336.5472135681,33357.7999077222,33402.26480612,33416.1856482559,33503.0046622849,33596.3129081179
"51",45691.5982859638,45855.121757259,45879.1671912507,45915.595000198,45943.8611231611,46042.556386891,46061.8764317082,46146.6779413264,46229.5511514256
"52",33275.8381299778,33449.198296526,33518.12974435,33612.3024484467,33631.254514753,33753.6783963676,33765.92265639,33870.4317206853,33916.9908203396
"53",33677.118304808,33941.6513139766,34012.0751494082,34041.2155723062,34080.723161547,34210.2599261729,34223.9070935601,34313.7304257048,34396.7559998923
"54",29444.6847763515,29588.2744242626,29639.2342852668,29664.0813970357,29686.3012511521,29733.0943731737,29769.890592929,29887.1541476948,29965.5647578372
"55",23473.9647563429,23619.6487762076,23635.3276310186,23662.4460535157,23681.1250201691,23736.1031457232,23753.5792792513,23844.7824901484,23883.6603332985
"56",28284.7798800574,28491.5719600749,28525.6644272366,28563.686815334,28620.0398444829,28715.1857290963,28730.000399164,28832.3719846026,28892.642751505
"57",32391.4350569972,32630.8803100116,32796.5030748308,32896.3724799289,32937.0276122373,32999.4778656395,33038.2814493805,33181.604697781,33309.5911804001
"58",27659.9185465188,27910.0050801623,27945.1044971093,27997.4169068196,28096.1003439105,28170.1099993641,28182.5825499219,28311.7323292391,28410.3396822889
"59",28697.5061187775,28823.9227570809,28866.692505062,28897.7230864458,28914.230017139,28974.5137394194,28991.3755371933,29081.9830910665,29146.2881939387
"60",42972.4539464668,43220.0399677733,43287.6227654122,43377.3212424681,43421.0748208422,43474.9478141659,43494.7166477115,43603.759637589,43689.1861153246
"61",34899.502529521,35201.1055828249,35230.90976911,35275.3035594991,35314.0493674961,35437.9775858011,35452.893342708,35576.798875085,35635.3425946824
"62",20858.4610408832,21031.3984475852,21110.8310007149,21149.0756721076,21196.1221611456,21275.0864775697,21289.2951680946,21379.8455486363,21455.9961675327
"63",35916.5084327966,35900.4937950731,35967.28201681,35914.4529324835,35932.402436255,35980.3741646209,35998.7269788851,36068.7206439967,36105.8896323805
"64",40964.2602839565,41201.94696183,41253.3342984464,41331.2874690418,41409.0791046212,41581.3444420321,41621.9513017506,41729.2936242267,41826.2095315278
"65",34830.8291426059,35048.2571909513,35091.6851107173,35120.480770887,35136.2830727848,35184.4820982403,35198.3300534227,35317.7325327809,35356.5630450436
"66",31302.9624967918,31416.7332203273,31471.015629821,31523.3660841586,31551.8027909978,31607.0896338805,31630.7532906444,31762.8501159809,31832.139967864
"67",40898.9030560537,41097.6675377429,41150.0797928238,41190.4965988961,41236.1159252951,41340.1612677736,41371.9615363473,41474.7592755546,41541.2072826265
"68",37518.0525044501,37644.6237427639,37675.3113412328,37695.8446269281,37709.3474570131,37801.641746622,37814.4312358935,37895.865776082,37934.4941438963
"69",34857.7478195944,35096.7375872397,35122.4227775729,35169.5583606395,35208.5991435261,35333.0244493417,35366.5528747202,35485.2582838989,35543.3190126256
"70",39996.3667525491,40215.6512767578,40283.359598606,40339.7544129237,40375.4577398538,40483.0145320967,40521.5310925452,40666.9502297902,40710.5986626595
"71",34861.3314878904,34975.5805966,34996.3546216643,35025.5849053188,35041.1067303905,35109.4767273809,35123.6271274398,35237.5830644506,35282.1801895958
"72",38750.6682050381,38865.8822299433,38879.2072961846,38897.4599368012,38870.1408400375,38956.9932536493,38967.93760346,39054.2013567319,39118.4125589481
"73",33092.7065772848,33221.787071773,33258.2092880675,33289.9800938037,33332.7755585518,33372.557349386,33399.1188779628,33509.3937011865,33576.5543219033
"74",36303.0387684938,36420.0830217411,36439.1525637828,36469.1814565394,36538.442868522,36601.3906501071,36628.9815454656,36727.1239765436,36796.3637825336
"75",26914.1187531189,27184.9380568817,27241.5997478957,27284.3408888726,27401.9877535888,27558.2096663113,27584.0694617243,27695.951979027,27759.5985222319
"76",41510.6712683682,41584.0615913874,41625.2683639915,41676.3146273797,41713.5278106214,41742.60842347,41776.8847280135,41865.7817241354,41918.4226247325
"77",36143.370793129,36427.4073344278,36475.7825010129,36529.0863387611,36565.5690489852,36746.2562264054,36774.806365471,36925.8832803187,37034.3633764379
"78",39964.8869246062,40067.8440025149,40125.8533819356,40156.4263203366,40194.0190740093,40302.7950985088,40313.7680945654,40414.0213652594,40467.5937939172
"79",29600.9764892229,29897.8220168457,29930.4628827136,29993.6842251222,30078.3396261906,30179.1401537451,30200.9571857403,30303.7188576278,30386.1283144738
"80",29184.3902389583,29410.3896073603,29439.7474651899,29466.1239104037,29519.1394248769,29580.6885234865,29593.5578216611,29726.1345329292,29804.430704044
"81",40583.4825931022,40782.53908863,40817.027906249,40858.5308192155,40871.8326093642,40993.6664161825,41021.9054550467,41120.0961887688,41160.2163028965
"82",32736.5955782619,32901.9869106764,32922.5177940261,32942.5152778992,32960.251795681,33029.8433392386,33043.4034814368,33127.5247195462,33169.2848680251
"83",27759.4697652078,27839.7690036597,27879.4305066624,27904.9416133859,27930.5480111928,27981.4454564771,28001.0221161762,28088.9616381539,28126.3147779518
"84",41023.6748753273,41198.6636184178,41263.1874443533,41337.2211264111,41377.672012301,41455.7159692241,41469.8197063064,41588.1446206204,41625.7735007672
"85",30359.9734598391,30499.8159300021,30520.1042755292,30541.6106210563,30576.6742343612,30623.4551059779,30640.9848216176,30737.8773785444,30796.6042475698
"86",36232.842317634,36402.2057828652,36497.929627712,36518.8064437185,36534.490378658,36651.6437890588,36688.1540977508,36794.0329018161,36891.5041119024
"87",28884.317037525,29016.678387284,29062.4906443201,29085.7029953996,29101.1450963249,29167.9312366207,29182.1712475151,29295.4905182252,29366.0222109923
"88",30633.5740158607,30789.1725806812,30825.6812232829,30847.8141392538,30863.1359552248,30908.9854333856,30923.0608175814,31006.9715529177,31059.6659452098
"89",26079.1066080837,26210.0470554408,26226.8560361463,26263.648494615,26287.9840811053,26394.3023361573,26424.2152503998,26514.8507177306,26571.0974184747
"90",31085.7679793216,31281.6190310907,31343.2264351592,31400.0639195217,31434.277757881,31571.3435717951,31594.8254148769,31681.6760817431,31717.6830224045
"91",30164.8274402005,30531.6072874711,30629.2880252514,30652.6289705593,30719.9434446029,30787.3693625047,30801.6814327127,30939.5464575546,31004.5753838247
"92",40987.5674051558,41175.1172826962,41192.8325501764,41232.0652373554,41298.8486185575,41389.0126926871,41399.2681272923,41510.9826001031,41563.4801974758
"93",35839.117351395,35931.9939646637,35970.2234875675,36006.6938124985,36027.6755324286,36082.2600227775,36093.4187494869,36197.6073119209,36234.704244103
"94",23784.6620777664,23862.0714619906,23932.5975253924,23954.6218091411,23983.1639588058,24030.729598775,24043.9740188418,24128.4525102214,24164.6681758945
"95",36090.1786376577,36182.6645564466,36199.6052742383,36236.1647511733,36270.9408781365,36320.8424935771,36334.8543912878,36431.4844560967,36472.7153469392
"96",42162.6418404575,42314.1475380066,42361.48878227,42396.0994147467,42425.7459982615,42538.3975723299,42551.8699224555,42670.3201383858,42733.434133024
"97",27301.0097925725,27461.3186331128,27512.3538837062,27562.4234985294,27582.6798083243,27658.4962094249,27673.2521886091,27754.4005895996,27796.9565289196
"98",36372.2714419601,36450.913591399,36471.1817312047,36491.5647691568,36510.8360580357,36552.5442967471,36568.2593566176,36654.154301012,36690.055593274
"99",28730.1358475734,28930.1989608296,28994.127886963,29043.3435766209,29091.0363181492,29169.8195685447,29184.5949547594,29267.4833650175,29357.0416456688
"100",30456.3758368451,30624.1179129145,30662.9274287114,30684.6922353337,30728.2536919014,30822.3864511189,30894.4517499792,31008.9339618392,31069.9567525905
"101",32042.2639027533,32163.0464936526,32202.4256843796,32242.4507855927,32266.941860345,32312.0656392928,32325.5146310104,32407.4723386396,32455.4940754035
"102",33924.4795639863,34076.2284751058,34128.5109117021,34158.6030012114,34197.8807003815,34231.4097815367,34266.8638545057,34350.4820101599,34401.024961456
"103",47239.4473539644,47398.2480635895,47462.5666768446,47503.7520808365,47519.7044596703,47568.4974877669,47581.2880840607,47672.1097708169,47732.0853101311
"104",41166.1006643596,41350.6381755632,41404.1461742089,41439.8509816064,41454.8895375938,41547.2076638047,41560.5063144267,41701.4271918424,41738.3555948748
"105",29241.4710542211,29321.9609727622,29344.7214399009,29370.9164666297,29394.9472771011,29440.5195014013,29465.9008364707,29562.7941956409,29601.5772691768
"106",37069.8042671932,37246.6160879355,37314.5064664126,37388.1018524326,37410.2426227766,37479.6982144084,37497.7600890202,37622.5851846314,37675.9549728674
"107",25812.9206865408,25930.234197304,25960.0656869637,25981.9908920025,26008.9499127018,26053.8208092698,26069.1386864251,26200.4072859913,26258.1810426002
"108",31900.6879945177,32182.4504276194,32236.5187054892,32279.3002078615,32320.446209502,32438.1594426592,32464.6851289647,32593.1199086035,32651.1699014512
"109",37062.4684111837,37224.9218277383,37252.4514231574,37319.3599772049,37334.5444248683,37412.0090289881,37425.0052363797,37525.0316396004,37566.4289060686
"110",29578.31052583,29683.7390086419,29726.8347891625,29780.6832997591,29841.1756731537,29874.8138714294,29901.3324823802,30002.4176525852,30059.2364355495
"111",30980.3194492493,31139.661805388,31208.4085890689,31290.7574445561,31314.6173818784,31377.3597546115,31391.4580667176,31487.3078420797,31551.0184647939
"112",20909.9277820212,21189.8092704366,21262.786187213,21338.7010395385,21354.8836611631,21435.1493006128,21448.723017872,21531.0766736099,21590.1021323405
"113",42221.4001160992,42362.6146414927,42388.2285997012,42406.5267419552,42430.8057765959,42468.952461866,42503.7196602497,42587.556482822,42651.5347334611
"114",27349.6493278121,27510.7888745805,27569.2005172284,27631.6597236319,27660.9102005983,27686.3418275394,27703.5416820184,27788.369623402,27841.6447144059
"115",37357.1686670727,37543.1871453794,37615.0292920485,37642.4631074216,37678.9771899265,37759.9734910346,37771.3762330243,37891.6472186631,37954.8650038967
"116",37893.6049116898,38011.8450712885,38070.6725722155,38099.7244366578,38131.8115689266,38194.4880986997,38210.2579629714,38317.5536762326,38365.6971112694
"117",27166.6690092495,27270.9294373383,27335.1793947451,27368.712725896,27413.0923384441,27462.3584507391,27479.1055260941,27604.9590809424,27650.5490774275
"118",30908.9696141293,31046.8455469052,31103.1039738706,31143.4443448721,31184.4209415295,31240.4698667998,31265.5473445992,31361.3999691824,31410.1983153415
"119",39383.4528451212,39498.3075710931,39516.7713062541,39547.1505457821,39592.6560063037,39665.3719060076,39701.1199934909,39789.3491304817,39834.7613034435
"120",28782.0083152642,28961.5874515249,29029.3151988996,29070.5244226723,29107.909350348,29178.8255207207,29192.2285718178,29332.4409540655,29415.0391244373
"121",30102.2049551518,30370.3949947886,30466.6080630423,30512.8752183869,30547.1603908943,30690.6984438564,30714.4846582306,30852.0849186322,30921.1719954264
"122",39210.5219088462,39426.3865470218,39471.7733637438,39489.5912204457,39506.3461354683,39606.8294945337,39621.1892956632,39708.8582512942,39749.1436141331
"123",32771.5033201013,32864.1808183144,32878.7116991763,32901.8295997748,32921.1074405648,32963.7338474141,32977.5214478929,33079.6672474646,33118.7603493799
"124",35146.5610161745,35254.3351301129,35310.0832955768,35344.5536299506,35387.1424270888,35435.3901320063,35467.301677133,35556.4553630763,35598.1466652264
"125",36705.92857089,36927.0048330316,37006.5182512894,37068.6193570912,37092.8036761959,37167.9460451729,37179.8859857831,37280.2535451817,37323.7104012494
"126",33428.0966951616,33646.8420169702,33669.161651546,33703.8318167827,33727.331537606,33801.8109777132,33811.9270302554,33909.6815327065,33978.3035788362
"127",34572.7594077479,34861.3025196351,34918.3248146319,34964.3007931996,35006.6961897835,35148.6315460956,35166.6358212193,35273.6038567263,35348.263197633
"128",38597.8043633158,38826.1797592881,38853.861260985,38903.5158188295,38973.3194665945,39081.6335440272,39095.2748581376,39216.6634378497,39372.7907438032
"129",24047.1903787762,24309.960334739,24431.310416824,24485.3981302282,24506.7988490373,24578.1823787521,24615.2537193212,24741.2223412152,24816.5811752079
"130",40990.7352346075,41087.2441912144,41111.8671404768,41130.2116259121,41143.8413653052,41220.4466273025,41233.7624387159,41350.8790212503,41436.4251315816
"131",38080.3015076501,38239.7090498781,38259.9336828426,38288.6255093852,38343.0153054182,38408.8483972878,38436.5221918846,38523.6755479174,38590.4605211356
"132",31801.4147323501,31875.5418382161,31907.3557697836,31936.7742014217,31954.4714948695,32041.7799712816,32055.0217356773,32156.7005574363,32195.3426105084
"133",34982.4514810342,35119.7371762295,35140.9755157227,35186.3780664103,35201.4152930819,35232.9241763718,35284.5557982839,35370.0410834424,35452.0827337543
"134",29117.8369286342,29328.1094492929,29394.64656501,29450.8372717526,29523.5174930495,29580.4338596375,29628.561590231,29777.3958200212,29819.9708010691
"135",36077.9705228665,36214.6842115663,36233.7213211803,36282.9525822863,36316.5122962041,36376.1017246769,36408.6392244517,36500.8546786456,36559.0510917982
"136",33003.9571806169,33142.881967661,33162.8854633246,33199.6582209517,33239.1396445074,33312.0108568313,33388.8547197495,33503.0375062989,33560.6524438074
"137",39648.236872305,39880.5861859973,39945.0492361245,40034.9894893537,40089.5080474794,40318.3517697403,40368.3012766384,40523.9008378765,40585.0906697205
"138",36761.029262432,36889.4057642273,36950.5380365415,36975.2310483044,37009.0396156585,37078.7379205706,37092.5153062437,37192.3522029512,37230.777305938
"139",29980.5464863073,30357.5119852795,30429.2381186573,30567.2636071275,30640.2770510695,30770.8642283941,30788.950420064,30908.6128930174,30973.0736287368
"140",41365.6203082599,41565.7512491413,41633.7319781647,41715.4209688534,41756.0850734677,41841.1415004166,41887.0985217618,41982.6464333166,42068.7256826399
"141",37570.2943171582,37816.2365395911,37915.6883335564,38001.9695036094,38052.825095071,38138.6405540421,38153.6293570119,38261.8818314588,38387.7342338023
"142",43011.0871744756,43129.127461226,43199.4784389434,43233.0393436405,43251.8451431128,43301.2421019506,43312.4661722129,43434.2979466166,43475.6793102981
"143",52939.5828542824,53078.8251505993,53100.7704404286,53142.1663972408,53183.5719569798,53240.9994104917,53277.0007603323,53362.3316829866,53419.3536898541
"144",37662.2730575614,37921.7891316135,37971.5832639836,38047.9452249368,38065.0253221369,38133.3464396873,38144.7355592026,38265.2429158606,38324.7762699063
"145",34172.7237528413,34339.0916471022,34368.6514367362,34397.1230440824,34414.5162791403,34505.3854072969,34530.5653838817,34628.3297209181,34691.6130821692
"146",37675.2297855023,37840.3716500056,37890.7174008424,37910.5591202178,37944.8935015872,37976.0153286885,37988.0106369179,38073.9294576485,38109.3931012061
"147",28800.491192274,28916.6973389941,28932.833972699,28952.0263803967,28970.783656224,28996.8427639216,29010.6943617273,29098.6256906836,29140.2290701797
"148",29796.4580651735,29939.5071044782,29990.9740432262,30048.8709862727,30060.7129325544,30155.5213831618,30174.5390823849,30278.0535468349,30350.2493538109
"149",34347.290273896,34499.3543553207,34558.5990169677,34606.8636286501,34639.482897567,34724.3617912137,34733.6464620932,34851.72998057,34929.3961532469
"150",28316.1418918507,28536.5854684921,28571.5253867107,28592.0781595168,28627.5728838318,28683.5976689986,28700.7624019694,28784.4783133888,28836.4854969326
"151",34482.7701433562,34580.6380836152,34600.7889822371,34622.5797923664,34646.5648345013,34671.0907180501,34686.4995392161,34770.8982805429,34813.34205696
"152",37665.4653557787,37836.7016315194,37871.8923606293,37919.2299761849,38025.7373691544,38083.3013673738,38120.3574980097,38209.7180307492,38250.2442382552
"153",36823.7216532022,37026.5884110722,37044.4698897796,37063.8708360792,37107.533409193,37174.8032527074,37206.8725976536,37301.2165383844,37355.2585292602
"154",29695.5610573133,29836.5049709193,29893.8645701379,29930.7796499842,29964.1849716889,29996.4416553353,30017.0818993245,30107.165192123,30151.3453634632
"155",40738.0889497453,40893.4338202553,40951.1948587381,40990.3302255191,41061.4924007092,41114.0482529799,41137.303097009,41235.9811148066,41295.3125642648
"156",25067.3182277333,25207.4266603551,25244.9811815893,25266.5687845581,25327.491327809,25387.9105844724,25399.6500262537,25499.5832285067,25556.3909227166
"157",27675.3148078198,27820.8745974568,27841.6546142201,27903.3185878906,27961.246593281,28027.0345210152,28040.8083590964,28129.5792138957,28192.0333254285
"158",39826.7213969791,39999.3981727643,40035.3633131517,40071.7125489784,40122.1226753356,40197.7792557776,40212.0999940026,40313.1134586855,40364.5843459299
"159",26053.9237885579,26150.7529732733,26172.3728049655,26215.7987306713,26228.7408624866,26266.5358318086,26277.7318972855,26368.1832748956,26405.648955824
"160",36892.6109465299,36969.2537732141,36993.0645275917,37016.4962959061,37033.0983191342,37089.077761368,37102.5459673835,37208.3752317944,37308.5853620178
"161",32482.6303569122,32595.4893036838,32630.7976921376,32650.7512119417,32705.4128473802,32741.3086182685,32754.0467714356,32857.4432797436,32899.5000461192
"162",42713.8550837914,42875.31064775,42893.9564583166,42914.6020068534,42940.2902795982,42967.0874893287,42978.6614129701,43061.4407653848,43101.0900860999
"163",32334.1296017138,32473.8101709273,32497.2113364065,32525.6802018432,32545.1533604182,32584.6628742983,32598.1473425391,32711.895743878,32753.8374637896
"164",29117.744241018,29233.0246674541,29251.6267541375,29289.2246157396,29304.7243005863,29339.8485544764,29367.93060211,29449.1834116492,29508.7731282211
"165",32002.3236830028,32160.2494779692,32179.4696721788,32197.1132177491,32251.7684875794,32313.2730620283,32337.2864080717,32465.2314204196,32512.1478907621
"166",28789.2462520067,28982.5803989524,29007.8812438972,29049.5411364285,29129.7388327398,29176.2808416325,29189.3153011719,29279.5171518781,29357.964456759
"167",47148.963998326,47492.9742526165,47567.3520589298,47588.1700407968,47607.4763970944,47757.0830745817,47831.1904062489,47958.9181921666,47997.539173819
"168",32123.8152846822,32233.1528149909,32281.3733675982,32321.3611872413,32379.4163394408,32464.444418524,32478.8787822347,32564.9988853667,32634.1084135636
"169",33778.6743087522,33915.4708200455,33934.000048608,33953.1667866931,33984.5453375313,34037.9703384359,34054.5913664347,34149.9119954386,34200.6407681328
"170",37526.3155344541,37637.3598150533,37687.1790104881,37731.6303447954,37758.3990524242,37804.894920098,37817.9824790618,37900.7417857441,37952.5116741166
"171",34456.327477623,34568.4724154467,34591.3554316937,34612.879361721,34711.978179477,34801.2783971499,34838.4943947403,34931.0452904267,34970.9732444758
"172",38644.3670851068,38771.2565201046,38814.5140082504,38858.1408974015,38910.3405905426,38934.8802929642,38947.6610706047,39044.8867479232,39084.6037053834
"173",45671.3298484934,45754.5599038998,45774.6529831872,45794.9647348855,45808.636343481,45854.8013011755,45867.3182787438,45953.651806208,46015.5054642853
"174",35313.8828335628,35577.8055528118,35687.2575198769,35793.7437001595,35830.1695862562,35950.2116347417,35994.4494805628,36097.8694362364,36154.9459487645
"175",26343.408175771,26486.3140376348,26575.950522139,26644.3888450052,26691.4147482029,26756.309463544,26787.4868268615,26866.2132096478,26917.7321230793
"176",33261.2279717131,33385.8280893189,33419.4960174165,33438.3115646367,33489.9962279331,33575.1560765521,33592.5558552928,33685.5861969534,33766.9225440405
"177",36856.8161126996,37044.7960350953,37170.724808771,37188.1157815961,37215.1208802354,37246.6366552241,37298.2197865833,37388.2994889992,37455.8588633672
"178",36697.03021106,36874.9209167849,36916.8833719122,36938.9066001482,36968.4057669642,37032.5815762143,37077.2084585829,37161.4352113034,37222.6153086591
"179",35044.583534879,35131.3372416581,35174.8874822332,35198.8222284871,35213.7180866154,35250.7910917315,35266.0515442336,35351.1396061221,35393.4459473318
"180",39844.1976407667,40009.5278633957,40062.7757479125,40084.6640494212,40121.6361592829,40172.5132027955,40186.9346972151,40271.7290116964,40308.927294955
"181",36057.8353298633,36209.8446251715,36250.4261208,36294.9679080893,36339.9087924296,36398.3638446283,36410.6177193083,36551.0491817901,36592.6456748654
"182",45515.3922637965,45752.9266163219,45907.2307537583,45925.2945408379,45976.7878014728,46081.9536253363,46094.230070969,46215.5698226789,46282.8629790852
"183",32398.9971164472,32576.732037561,32645.1715314631,32693.9418902545,32741.3721139309,32795.0198418571,32808.9332871088,32916.2653770673,32982.0084368712
"184",35692.0677357283,35818.260152603,35938.2716485898,35974.4296061378,36034.5893192877,36113.8879579442,36125.7842635235,36278.1818965796,36324.019714637
"185",37255.3232415874,37387.3423131382,37408.2926314157,37434.3779569908,37452.2125006939,37514.2294677997,37527.2660146387,37619.9465322281,37660.4379758812
"186",38305.1669008459,38389.9339671559,38405.3411524387,38456.1376113242,38468.7832497607,38574.47213269,38587.6381228785,38704.2404085644,38746.8390896423
"187",45099.9670398289,45255.4600323841,45275.5151567546,45296.6403166085,45322.2338260035,45353.1175089415,45402.6791376332,45488.1976987145,45555.3410108725
"188",37302.2433393515,37557.5162273004,37574.6499203399,37622.0902037754,37644.8494376855,37736.7324039229,37776.5120658783,37881.4813945426,37921.8568186147
"189",37572.4237302575,37713.2220945203,37758.8487514618,37806.3163284561,37831.8013334794,37897.8381612242,37931.9279213691,38030.8246845935,38141.8412835856
"190",39951.5456176242,40173.295005326,40278.2080873213,40325.0272087564,40359.16936547,40426.8156265733,40441.9353261175,40542.7571326915,40582.3842713696
"191",37008.2887313158,37114.9533072809,37162.9412070216,37178.7272673396,37207.4716472271,37267.9156192114,37304.5752779622,37386.8691242548,37438.8347845255
"192",28471.5581174694,28737.3670834924,28769.6242634829,28818.3431913574,28835.8853287521,28881.958939442,28922.1582323133,29021.2347302552,29077.621994759
"193",28572.6021336943,28669.7896890451,28697.6054128637,28731.0136628105,28764.8213568804,28790.58033576,28802.6688007774,28923.733722379,28984.1849949999
"194",33362.1287802692,33477.0260076699,33521.9943054574,33571.2983002792,33588.0454939602,33612.6415273847,33638.5023726829,33741.7518252026,33801.0265300445
"195",32685.3113525718,32955.2592410159,33007.0935945387,33039.1208850143,33072.3037994799,33160.5275026513,33220.475359239,33333.280628819,33420.0530067918
"196",32608.4193044436,32839.447187576,32867.6546628264,32905.8677797029,33002.089375934,33187.0279953792,33221.1655371244,33318.3946267421,33377.9542979163
"197",48019.4681463726,48199.9445333106,48221.9903037986,48279.2909553836,48339.3351347584,48426.5272726858,48468.450730705,48560.5895316787,48640.8866860468
"198",41566.3450978366,41835.1134479205,41904.036284342,41969.265978939,42050.4122265339,42163.4532638529,42182.2389290879,42279.0556402556,42349.1855150242
"199",32017.9825381189,32191.7854531648,32254.1856204647,32291.8129713259,32320.0517843625,32433.6982381001,32467.9289628391,32573.3916785638,32633.3804022336
"200",32182.1878400104,32284.7981868972,32320.3149234168,32349.4192168367,32365.2103894605,32433.9153297069,32447.197398068,32534.2882270064,32590.0150265481
"201",32322.0149128467,32485.5432682031,32515.0972022148,32536.7929187903,32588.1844325575,32666.995806799,32680.8874826428,32776.5457827781,32836.1114170283
"202",30946.0691776515,31125.9618159176,31143.9983642989,31205.5647364459,31244.6871909957,31317.230175101,31329.3453098132,31439.3281603526,31480.2134213238
"203",24591.7050822748,24690.5128974227,24722.2368626092,24747.5437554879,24795.6028193936,24866.5126801842,24884.0166276862,25018.2040520939,25056.2445683509
"204",18415.3286833562,18539.4498808306,18582.713193921,18605.104579441,18626.6407853789,18681.8083931393,18693.9282834859,18792.2006369448,18830.2977239942
"205",38501.3545467512,38764.5173471008,38816.9328188827,38861.7090167166,38878.1825719832,39017.8018236436,39029.0042745301,39145.4092006943,39217.5705958433
"206",39117.2602124432,39240.6081082271,39267.6605371603,39285.2357432941,39322.3686618414,39396.217859898,39432.2979112797,39520.2789163987,39581.324140749
"207",44277.6688839208,44406.8802881734,44441.9324339756,44475.4715711161,44504.9149863106,44569.9476001645,44582.774245576,44669.561725456,44711.6473982319
"208",44123.1996930495,44293.8023038225,44336.3101732665,44356.6074693164,44405.6978517988,44472.4398364332,44507.2363532443,44594.2228326618,44639.8076243456
"209",44462.8229675345,44574.4235478147,44605.2533677997,44633.9372298852,44649.865091658,44735.5615469335,44789.9789778446,44879.1322394073,44949.6990289461
"210",33085.7745662802,33251.811568601,33270.9389810932,33293.9910725134,33309.0493175032,33347.2504106129,33360.2839916022,33471.4522993162,33508.1610437934
"211",30383.3994030452,30511.9543814576,30550.5442726402,30591.3214110363,30625.7071739963,30686.066713285,30728.1078887879,30821.2476487684,30893.4970251203
"212",30452.5394712531,30566.1247977716,30598.0402741872,30629.0645363371,30684.1267804972,30723.5681283591,30739.8505638277,30829.1125223702,30875.2630675523
"213",35054.6598897516,35295.1038708115,35346.4836522847,35392.5237004443,35429.824656653,35472.5749932177,35486.7379712832,35572.9001976433,35642.0810733299
"214",40254.6849008828,40406.2889409875,40452.9300395229,40496.8256324233,40513.1167665386,40550.8803974824,40572.8554163826,40666.632813342,40729.0706699543
"215",35158.7706587587,35437.9684845661,35481.0907330583,35509.7988169876,35563.0506174083,35678.0237897621,35706.0763792492,35809.0850993907,35878.8063227052
"216",32558.6199823056,32686.4763491625,32734.3095373862,32785.4635079418,32820.1713640978,32882.6806812187,32899.88469546,32985.7226334576,33042.8446773417
"217",28182.1616411764,28372.1800655166,28425.8744899582,28478.2698080011,28522.1538777288,28690.3771857481,28704.0018494259,28810.8675499164,28896.7497418399
"218",39426.0559581263,39657.963600938,39726.0871623843,39752.2490931349,39826.1444801338,39902.0832738562,39936.6373522237,40031.8141094299,40067.5703776455
"219",35338.0691831897,35511.1000053734,35531.0036482554,35569.7435049813,35651.1000076227,35719.0562846936,35751.3011532439,35848.993097168,35944.1220063056
"220",53839.206267629,54037.9702116997,54152.0153497025,54234.7369060241,54275.6936254009,54357.2717330695,54424.1691950582,54597.6250920135,54706.1129497107
"221",35042.5991337088,35214.1544501376,35285.7498683223,35307.7146162223,35368.1222295776,35394.8064015677,35398.2033564463,35484.6088828879,35523.643927428
"222",31402.2825945253,31481.5690336179,31495.5743884284,31519.7146363876,31535.6505747549,31617.8827787136,31651.4343063457,31753.6164555379,31791.4788747507
"223",31266.2671939668,31420.5620971392,31450.733218181,31479.7930863846,31510.2490847938,31548.3110071659,31560.856262375,31660.0031950475,31741.3681938033
"224",32250.1530719098,32373.698880263,32405.7439226573,32446.6126097484,32486.3518183493,32561.2269040261,32574.0059405215,32670.8663214315,32712.5286400816
"225",25847.836327016,25974.3731543798,26038.0423659,26085.2108795989,26111.594887372,26205.3356948612,26226.0550713845,26327.283826662,26403.6634504096
"226",32787.5955963153,32985.6010901495,33003.3873878438,33057.9803898662,33083.6708346773,33152.0196238825,33163.954690636,33257.5879644134,33307.8983129573
"227",29295.3472602589,29461.2885503668,29479.8232622606,29501.0855234445,29519.3631126756,29572.330124501,29607.1865363757,29690.0810304013,29727.9961567337
"228",38463.8688497527,38616.1396532036,38686.9341176834,38745.1638531493,38815.1729482136,38892.3392490329,38905.0401449198,39025.4204690194,39065.8902690087
"229",30750.509177234,31011.5851806625,31097.9267184613,31135.4696062633,31161.0128441064,31202.3419486251,31215.6078056494,31319.955066921,31362.8403136536
"230",26966.1056795543,27100.474551779,27140.1291448617,27181.1162757833,27215.7642574298,27279.9613414169,27292.2948439779,27375.856886119,27431.8241850197
"231",30333.0820379758,30477.9771321098,30523.0348813522,30594.1956118768,30653.2457324608,30688.981329923,30710.5464545582,30813.9214121505,30856.9028249899
"232",30665.4225989141,30870.0178334846,30917.200370364,30960.1110885919,31004.2331224273,31103.1925497977,31120.9988926735,31213.4569270936,31317.0089546991
"233",42511.3395605427,42681.1233013888,42743.6104812197,42767.6525978233,42827.1411912659,42875.5934842606,42887.5638234642,42972.2627972078,43068.5733645369
"234",51473.9210701475,51644.4140628001,51667.8607578184,51688.2438167086,51707.6938618111,51735.3325081735,51749.6813759909,51837.7864132777,51875.6496185303
"235",35056.6730218306,35170.0398635519,35192.0444956979,35211.7492249587,35249.5727631718,35304.0915368298,35347.6910684865,35431.7939708459,35486.9798225524
"236",34908.506098555,35089.9843866865,35127.57610137,35188.527671669,35246.7259481955,35310.7852110454,35345.5766752936,35461.1637346262,35542.1698881251
"237",47808.185210331,47974.5054732923,48024.8818364342,48069.1066826482,48126.6782745182,48197.6053909428,48229.8471677982,48354.3696223971,48407.4259134759
"238",37658.5462928272,37815.6204849225,37899.8500356167,37945.5170045615,38010.5088666361,38105.590302196,38119.6676850097,38198.9784287661,38254.8672199161
"239",47768.7707818756,47930.0611348706,47949.2450788846,47985.1498596424,48002.2844787376,48045.1596981822,48058.9902828111,48146.3638625913,48187.1256570927
"240",35776.7030627984,36029.7615368846,36046.3289282645,36110.4658968913,36177.1281595201,36240.9707341992,36296.9913851896,36413.3662334663,36523.3425332214
"241",29354.552950991,29467.4302672256,29504.684900522,29539.3757023835,29584.043592853,29658.5768668483,29697.8495090166,29801.9137576562,29864.4426022092
"242",35519.545131718,35666.9416867734,35709.1016891969,35754.8887549409,35774.4667185409,35894.3318450917,35906.6741230988,35991.89769263,36038.3569474269
"243",40234.9479183876,40422.0416209717,40448.6365299412,40500.1708553305,40531.5379607074,40643.621734996,40687.4879867201,40775.8632922108,40821.8425451974
"244",39642.1343471918,39986.8437548636,40003.1928439649,40042.5804133489,40075.5618314852,40168.3327050414,40182.150434349,40300.0533676993,40396.4916530015
"245",31961.3836840756,32128.6309079415,32177.1555148214,32219.1272588931,32231.1960450811,32333.0585264574,32345.7353809792,32447.0606829336,32496.056609948
"246",38316.5264048387,38572.9124894561,38673.2504880321,38710.9254776505,38775.4049621503,38843.4010238671,38853.5959878825,38948.1340497582,39008.1203504095
"247",39879.4440371793,40110.8687537421,40151.0288712265,40169.898717011,40187.7500799779,40221.0282123432,40235.0038527915,40321.358561116,40369.8756695441
"248",36679.8620598129,36799.6451004258,36873.0929294235,36906.5143790891,36932.9583276677,36999.9440482472,37032.1622797763,37146.0157811251,37183.5748501676
"249",30872.57182399,30964.9056351586,31003.5655739029,31037.2463175838,31102.0366917503,31165.4327080073,31178.6635562163,31305.9536485221,31363.4801773176
"250",43603.5829594074,43736.3555458947,43760.5663977334,43847.2049708149,43883.7075340718,43908.8900011625,43922.1876825657,44019.6531080807,44065.6827949317
"251",37958.8693886915,38120.8160970196,38185.0755141552,38203.5964822972,38266.4157410842,38355.3344529496,38395.0695496833,38486.1465191385,38531.0432857679
"252",42162.8048297401,42247.04071876,42264.9373627128,42287.0607291406,42307.0120910172,42368.4940624062,42389.8251884592,42473.1973183227,42524.3032256073
"253",31107.6115980587,31294.8402865668,31322.5241782914,31352.6953806554,31368.2797236439,31445.1928190195,31518.7379599968,31604.5657352876,31674.3411510185
"254",37619.6777744691,37741.9848351247,37768.7845703084,37789.1280769107,37821.2248542012,37884.9754267007,37914.328377951,38004.9763265656,38042.0331397701
"255",33419.2431828322,33524.3536426162,33563.042894328,33583.7966522446,33599.5466005084,33629.1626962868,33644.2038397242,33742.9817785076,33793.9088461905
"256",23879.0530826347,24027.6120206531,24077.4804866923,24107.8850597368,24146.2448481162,24186.4823309742,24197.0050014721,24294.8112104115,24341.9759739897
"257",23012.2378173724,23113.790585448,23150.0253131579,23188.6236334513,23208.4774079274,23234.6922383988,23246.8211707212,23345.2864351199,23396.8179077864
"258",32848.1848628077,33030.3969047293,33049.604064049,33072.9311066227,33115.0819464183,33157.76501267,33170.3751157497,33270.7025312089,33315.7414482778
"259",36542.7452285908,36652.8532568926,36694.4160898034,36744.8614738359,36772.0801431062,36859.2844314207,36885.2082830426,37000.7711543064,37040.231565512
"260",26930.4985904624,27058.7885714638,27094.9198459736,27116.5883342846,27131.2201850394,27195.0860066305,27205.1625772471,27295.2934981051,27356.7958442338
"261",35804.4844849094,35980.1751725256,36008.2190093751,36063.3442666755,36094.7775726021,36193.5175150093,36216.7921784092,36301.205740585,36351.6162785257
"262",33062.3375883137,33173.2446336335,33193.8425564458,33213.8345284291,33288.3778731677,33325.0076371133,33340.6359020854,33468.1344353216,33517.7416505195
"263",31093.9960006281,31277.6196202634,31318.0626185593,31337.543147536,31369.9783137927,31458.7704619876,31471.4867813054,31549.1938359295,31590.7970648651
"264",40371.6400752644,40475.9523054313,40508.0859653987,40547.936132215,40601.2195634958,40651.7415157139,40663.9164442201,40751.7950536785,40789.2569860312
"265",40377.5313640213,40571.9913455787,40615.0777597454,40662.5586490031,40703.2174639935,40783.1815806156,40805.65191792,40949.788501221,40987.9161558691
"266",32154.3314256002,32273.7130118932,32291.1618172579,32310.0425599615,32324.6578886391,32369.0350451998,32383.7979852212,32483.5967427612,32543.4119071862
"267",26274.6802019975,26341.0775906524,26360.2554111118,26387.6665871933,26414.0446193607,26530.2817339963,26558.516552874,26683.909361494,26728.7608064301
"268",38796.8040183483,38970.1319460131,39013.3747565539,39037.3940279299,39058.8767236601,39095.5125182992,39108.3034974497,39220.2989760698,39271.3444943905
"269",31825.2761390755,32035.6838904838,32069.9406522962,32129.9790798463,32154.1632819238,32188.1091507969,32208.1990831246,32291.0220088269,32345.0114777975
"270",50386.557591405,50481.6811267638,50501.0451940936,50532.5034563684,50552.944818593,50595.2283301688,50608.5035956191,50718.5531135932,50779.4442832519
"271",32764.3308578347,32920.6355715626,32968.8530835039,32990.7864531348,33024.2094342137,33132.5143476239,33160.7847005457,33250.1686226029,33288.9207864989
"272",27507.4902670674,27713.779013611,27735.9369382766,27791.1110491224,27804.7782664669,27898.0757270812,27928.0996887012,28051.2686959438,28102.5339175242
"273",22659.0000724637,22808.7019757372,22886.5570537713,22926.1310044173,22941.4163429103,23018.2340481324,23057.8737734809,23142.9652560827,23187.2929199177
"274",39210.0878879967,39400.4419676715,39433.5842654882,39460.4390261706,39491.8358532752,39563.276046747,39584.8703289701,39668.9280671712,39724.5769724163
"275",45226.6177435588,45375.0330682896,45396.7936848589,45427.5314435303,45441.0066380419,45472.3597941016,45491.1260442188,45573.9028102455,45633.2280327248
"276",28077.5826862859,28173.8413177655,28209.8070586219,28271.0111584264,28287.3788901447,28328.2753932383,28342.9924137462,28425.731235377,28503.696639352
"277",38692.1137636093,38824.4677127447,38866.9984922248,38905.8630677647,38942.0879291744,39017.0684164232,39031.7990444623,39130.0315787044,39165.1428007667
"278",39298.5495414475,39365.8158684056,39384.6623475041,39407.5388902847,39421.8990604298,39454.7235395803,39470.0292530103,39553.2517057219,39593.1571798394
"279",45489.7773434006,45617.2132722742,45635.8873546215,45665.9701295858,45683.306682193,45766.3238201918,45785.6702130089,45902.1944701813,45940.819248024
"280",43048.7985204082,43142.8849621173,43191.1708904854,43213.2936064063,43264.5981442913,43314.8788225898,43327.8155371143,43426.0444823634,43467.1595512395
"281",43381.9319424651,43593.9995798453,43625.851662524,43647.5677306738,43679.9346436092,43790.3312890412,43802.6144766562,43883.7819182822,43937.1146059863
"282",34425.9899448369,34650.4074298221,34742.3348420944,34788.3703651699,34819.4622800146,34929.8286333514,34985.3162486997,35073.4435885137,35139.5205088201
"283",32227.3818715611,32394.2650328425,32434.2776047432,32459.9789451136,32481.6291687971,32526.4283150039,32540.7782519497,32670.6682173147,32743.9872433136
"284",31941.9129205013,32050.7176926918,32093.6170556392,32133.0520445096,32176.2462334,32258.6780388022,32271.898324139,32389.9905529093,32492.142673365
"285",39972.0584677943,40103.6713346718,40211.6959746001,40235.7483549711,40263.3097603612,40376.1719999668,40398.544772205,40485.9282289144,40525.0384505678
"286",29683.6969431374,29864.3746246208,29901.8175609648,29947.0126408599,29995.0588216211,30050.6588189348,30063.2202702634,30145.4533429278,30188.0521566707
"287",25939.0640836319,26087.1713656431,26128.9958633069,26167.7965696859,26197.4248778066,26255.4168541745,26293.3487610746,26399.6306763248,26447.2937118118
"288",31334.4747636262,31490.4576415783,31535.1898681961,31573.2410023193,31590.3648418731,31612.7013025629,31626.0525789524,31723.8789663052,31792.0026323484
"289",31360.3376713233,31461.8406099915,31503.5537226244,31529.2701088703,31552.5171752396,31590.3353656906,31606.3414505578,31719.507143167,31780.5826673403
"290",32411.1111940276,32578.7411343585,32614.7886219611,32654.6278204723,32669.0271830294,32721.6348674788,32747.5744551103,32843.6709555997,32914.412086675
"291",35187.1146672655,35314.1526664454,35360.1815876391,35383.0011608081,35419.7870834728,35513.1625597236,35525.4979238179,35612.1801074193,35648.0607886984
"292",43280.157018072,43423.6889795266,43476.8858907878,43505.0705777542,43536.2957520626,43585.7056660601,43616.9873705313,43714.0342491847,43785.7858124646
"293",18107.9887273816,18261.8491386817,18304.3878426238,18344.8055392895,18407.6348659494,18457.7737225188,18478.0625742433,18561.720344848,18617.9231567702
"294",40850.2735623392,41021.7719405837,41074.652185844,41109.8046396848,41126.127802958,41161.860049283,41175.166786209,41312.4762492691,41373.702572711
"295",39947.9677349274,40102.4260116399,40145.4677914615,40199.8713956583,40216.1604461753,40260.5183131856,40296.2079273727,40390.0598454425,40442.7886076549
"296",45100.4282948796,45306.559093701,45400.2408470804,45434.8079376623,45470.1204225493,45561.9567546568,45585.0361690726,45695.4402838166,45751.5565648301
"297",33071.0640097799,33158.0197332299,33217.4352135532,33235.1017323812,33257.588925192,33284.3297967207,33306.6673914196,33400.1164908084,33456.7712570448
"298",37827.759316517,37947.010063901,37974.3424936237,37993.817677617,38010.0159650403,38074.0428291732,38090.3083548843,38178.0579839975,38239.2879067087
"299",37448.4569647346,37559.5041975036,37583.2174594989,37622.7397130871,37662.7976808083,37766.6383876307,37793.1990682357,37896.1724242307,37942.8214086478
"300",29399.1764218706,29508.6918111137,29530.3584713071,29553.2720336011,29568.210836071,29654.0264322506,29665.0299347205,29753.8218480579,29807.4412378771
"301",37081.7067788999,37249.3172743554,37294.4311320941,37342.838441969,37374.4101878439,37497.9271696521,37510.573945637,37632.5604814194,37688.6577571388
"302",37077.6597169651,37229.5117833299,37279.5625915354,37320.4838851147,37340.8601489452,37405.1699748979,37427.4370797716,37549.0672005,37611.3144062965
"303",30138.0875232941,30283.031885503,30321.210750178,30340.3168049394,30365.2970752633,30417.695214791,30431.7689487734,30533.4899757963,30582.9463263615
"304",34247.350302383,34455.4027080793,34502.1802416386,34536.9021418883,34569.9568932278,34671.5697176276,34703.1455949682,34821.2814458544,34860.6759765933
"305",23761.3470497357,23932.1492713831,24019.3085167589,24064.1442279221,24086.1517302045,24143.5932983748,24156.7467297555,24269.471451443,24338.9306786911
"306",26803.6554649993,26967.251143067,26992.4220504556,27023.775166272,27041.0380225819,27092.6799346157,27108.8099998794,27190.8973377391,27232.1813677268
"307",24676.8971446594,24871.1503174332,24965.3302538633,25015.569240457,25059.1650854692,25137.6873805374,25181.1169783933,25290.6921776819,25329.5381490321
"308",39406.7239295003,39667.58006126,39686.0791535791,39738.4201156832,39818.6329989431,39879.0050180518,39891.4070701472,39983.3221432478,40023.873827886
"309",28585.2178262587,28778.2208698354,28845.2474505629,28885.7261244865,28917.7772271229,29013.8552748808,29029.0945948236,29132.1872722318,29173.2201053743
"310",40183.9609402593,40291.1526845341,40347.1515935293,40401.3787331644,40421.7758289647,40498.9691745193,40541.5334750582,40624.4048235761,40693.2733171852
"311",41554.4255759249,41621.8919182419,41672.7142397061,41695.9578574978,41713.5688940385,41764.5513226924,41782.9578223775,41877.9639464255,41942.1132587619
"312",38410.9168020163,38589.924129791,38623.4001156401,38653.0155681244,38686.6516735025,38870.9312148116,38883.5815165755,38997.7428750701,39074.3689290828
"313",32169.0995823568,32397.8423139289,32430.6009367038,32465.8312534628,32501.9376269089,32608.7985739206,32639.3546700199,32750.8187833016,32809.0583766512
"314",35825.3908365215,36037.7682514708,36072.0398447714,36127.1547871052,36172.0567553061,36257.9982556748,36291.9490189047,36381.4212181479,36421.1768330367
"315",40700.0796825216,40797.3762552557,40827.1128046554,40880.1943989331,40910.7489495666,40963.844079075,40979.9808498088,41090.5562801659,41125.0352128947
"316",36387.8529599013,36491.1186052654,36532.5092175677,36580.4645880137,36595.9748698015,36627.7166036337,36640.3198248256,36744.6408487303,36801.837527625
"317",45002.1798454916,45135.9650415038,45161.1251218606,45216.9528217563,45232.9218394054,45276.0120115025,45315.4450041367,45408.1328660152,45494.777717989
"318",30897.905700341,31126.7197204454,31175.3850636703,31204.128627234,31243.8966974865,31291.8900080754,31303.9926853773,31403.6743243059,31492.8317239782
"319",48583.4165759948,48778.9333385473,48825.4652695894,48879.968410858,48899.4952482911,49003.0091124206,49018.4074373897,49138.5361198372,49228.0884124165
"320",37769.786643876,37861.9562863514,37889.3683284678,37929.4936365015,37949.4943740006,38005.817961348,38021.6360000572,38131.7431254301,38172.3493798636
"321",34082.1201145415,34224.9731702478,34267.0097984663,34292.1012582257,34317.7321648275,34362.3986462313,34375.6068132131,34481.6491882452,34528.9943295769
"322",37872.9209911384,38059.0921231429,38108.3719077218,38141.4752571931,38201.927743244,38247.9696175051,38273.9690811931,38362.793278643,38398.895140337
"323",24953.6346929858,25142.4843457362,25159.0959649061,25183.8330737067,25199.3965786704,25236.4515987843,25254.9936464213,25340.4948206191,25396.4264379035
"324",54145.8703193942,54388.2297283856,54423.9928342309,54499.6284875076,54529.2456938839,54577.4895513887,54595.3079319971,54714.1164685553,54841.385378722
"325",27366.3854575118,27490.1000282956,27554.7194434718,27609.0122118052,27663.8032758973,27746.1437498041,27762.5085339356,27865.1611255183,27940.2029422755
"326",33614.6098141777,33804.1633634367,33832.6861008765,33899.9892437147,33950.9749772507,34053.3588973723,34084.1356821105,34171.0621291927,34211.1707287194
"327",34652.8784996438,34771.9776235261,34824.3777075336,34851.8155333777,34892.6490457255,34973.6242852115,34994.2775136078,35105.8809507683,35144.9409489519
"328",36099.5708643505,36177.1744709558,36210.8880789142,36232.2954653843,36293.7359751672,36357.420857829,36404.571169538,36488.9425595642,36550.7069250663
"329",23900.3863307976,24000.8612558351,24031.3619972371,24072.6206580568,24095.1398034881,24120.6265563,24133.85355091,24221.0672298916,24258.3490332638
"330",39760.258793016,39949.3529453951,39969.1807565275,39988.7086128274,40007.7934605148,40059.5270802068,40096.767388299,40177.4989185382,40244.730680721
"331",35686.250683473,35969.0723930479,35986.5013141964,36049.7290587599,36068.0407737654,36206.6352080475,36239.4686527226,36331.037733893,36413.7412770356
"332",38669.4909118732,38777.6568167707,38818.8600636974,38864.0958683956,38881.2975889502,38932.3381851912,38945.9530316325,39042.9402677114,39103.4511951963
"333",47403.7255071223,47497.3511304453,47531.1358606841,47551.9777838705,47569.2132266905,47639.5341016512,47655.9128244765,47734.7089038178,47775.8542688566
"334",37782.7096628957,37899.237862697,37928.064096134,37948.572199972,37979.9171168858,38023.9431309539,38056.4728744926,38159.7340687431,38226.2164475186
"335",28436.8576123594,28644.2841860829,28693.919288961,28712.7074183635,28758.9560811988,28866.868999468,28882.0013219599,28997.0069390949,29050.5941227749
"336",32708.2183439617,32860.1889112466,32899.5976748015,32964.3513097723,32981.0980040192,33091.4181599533,33137.572813409,33224.4506018422,33328.4181593513
"337",32653.413539022,32833.5530485496,32854.4840722382,32893.6515496105,32914.8490526609,32942.3475802629,32958.3856391721,33043.0544378398,33120.7688120854
"338",36506.6094331847,36697.6529003085,36720.9028460119,36798.7582504045,36815.5729484836,36860.4257985411,36886.701045207,36978.5055736812,37023.3390007801
"339",38129.0760474679,38278.9509133497,38341.0349219891,38390.8214420214,38424.8802184245,38539.2837484596,38550.1957534867,38668.9243996795,38725.0181703404
"340",32957.136693769,33087.0045220963,33109.5526963237,33147.4421195287,33161.9667868278,33189.7391081827,33202.9093022012,33300.4215012024,33342.1955980141
"341",38860.2913470341,38986.8639429744,39055.7672397607,39089.7134341721,39137.8101482315,39181.7101662481,39197.5781674184,39286.2546929378,39353.790158219
"342",31120.6182621641,31222.0730359712,31239.1740251652,31275.7354913373,31294.8606585002,31383.1181976732,31400.2065776424,31530.0833908238,31573.1652831255
"343",32900.4823239465,33077.3340732725,33099.2215445239,33172.768895734,33217.5863809423,33285.5419674214,33344.9277817108,33454.5491891542,33558.0994768621
"344",32580.2080225618,32765.2918863807,32792.0872384171,32828.856629316,32878.0737872207,32987.5290593003,33048.129359812,33136.6082954362,33199.725833103
"345",34293.8825236814,34437.2352607867,34499.290427176,34551.5272302118,34575.3618338332,34625.373008254,34644.0109827984,34754.3727321634,34815.7794072707
"346",42498.6320152561,42627.6338169539,42647.2462326842,42674.5701636623,42692.8782490515,42752.3615495836,42794.9563307996,42883.951224033,42923.7101808485
"347",46243.4259544806,46769.821779011,46820.9997669162,46855.5368325717,46908.4808601913,47080.3814123639,47164.0658731434,47260.3570393346,47310.7146706026
"348",26222.1302867733,26311.7343503293,26336.1143784518,26364.5763223945,26380.4145292885,26435.0166655142,26448.737243629,26531.3553754413,26573.2811449553
"349",36009.5906001827,36146.7076112612,36163.8885083764,36182.9241328488,36214.3809362752,36304.049457587,36315.3861577419,36404.5898368935,36441.0989100008
"350",37024.1132383942,37188.5988701603,37234.3960237142,37278.9402848127,37307.311411908,37361.1561273117,37377.1168475914,37464.5721026244,37524.5604649126
"351",31661.1094264279,31810.4336101567,31844.535605199,31924.4446251056,31937.5447479504,31998.5512261259,32010.8824643755,32104.6859342144,32155.1713307646
"352",22794.6248229873,22875.5282080691,22919.9112693432,22953.3669312197,22969.4532592236,23017.7294742458,23035.5737761148,23161.9025834456,23239.9732904208
"353",33640.0476346329,33806.6386908486,33847.1778201858,33864.2887483066,33883.966387402,33960.4759506714,33988.6779727288,34067.7222886253,34132.3113435373
"354",37056.4121937834,37199.3460069212,37235.6504063496,37267.6603493238,37293.5844025133,37407.9033847124,37420.5918772623,37523.4649962845,37560.8994984373
"355",32727.7870038806,32943.8356658981,32973.888206615,33003.30977925,33065.3053730218,33134.418216634,33155.0994305405,33271.0508284607,33329.3237424157
"356",23471.9009276116,23641.7140273092,23700.0877231647,23733.1269126617,23747.5296581097,23821.1796302271,23836.790954742,23950.2434736163,24022.7841311993
"357",31723.7008294912,31890.8686246097,31924.0691402532,31974.9752330157,32029.1471124878,32105.9523357044,32129.3599214675,32225.6410414649,32262.6629612659
"358",42058.3415929987,42253.8093300597,42288.1585942019,42310.9007913285,42330.2638381029,42402.6113146283,42433.6461581882,42520.482327388,42559.7303129763
"359",28013.1274231044,28178.3298841132,28227.4173178507,28264.7381656139,28296.6744904861,28376.3314924725,28389.8217590505,28473.7493366947,28514.1638906065
"360",44477.8287600129,44569.1598019918,44630.4111711118,44697.9975974609,44716.7175901512,44811.8565911782,44825.5984802137,44908.3110294041,44962.0776886774
"361",37265.5818847499,37438.6085293106,37464.5387461595,37504.9274318623,37540.8694528075,37594.7084123411,37617.6264158007,37709.6756858421,37785.7426253439
"362",35739.3570833215,35825.6807928965,35849.7182905647,35892.5204610526,35922.8453340143,35984.3086918369,35996.7877690241,36090.6692888747,36137.7475396598
"363",34345.486019998,34580.2653882496,34645.4680597789,34701.1119740946,34743.3148565106,34843.1238394381,34854.2000310582,34965.6410116046,35035.95454513
"364",28233.1381371465,28374.7338454593,28428.6678649447,28455.434940053,28474.5074063545,28518.0085111314,28530.8758376206,28612.9735284903,28659.4551453483
"365",21026.6747004615,21183.8190338632,21213.0686679978,21268.5912128231,21283.6915399504,21337.1006087742,21349.6090813804,21436.9506495699,21492.6686651332
"366",36860.9331134424,37024.1086716149,37102.0338608976,37183.8717686118,37221.1047998511,37252.8141243911,37265.3768199168,37374.3489835745,37419.2378763875
"367",22713.0475353374,22862.1341822476,22899.188399871,22939.3609688726,22953.8974251605,23022.779573349,23066.726902553,23159.545192195,23218.110969945
"368",42729.4690127282,42897.3390908772,42923.8379696522,42947.6267574606,42987.8575754176,43066.5054261843,43094.6235088682,43194.836866153,43243.4475761298
"369",43500.1795873623,43602.0585499533,43648.2200194744,43685.4415217909,43720.768728573,43762.462452801,43776.8780277919,43863.624828871,43923.7435457279
"370",34954.7191785056,35121.8488871077,35191.6571427421,35214.7830034852,35261.8467929338,35326.2067081861,35339.5864616227,35454.3464420113,35545.3678754547
"371",29800.0178212845,29926.167127802,29944.6546828536,29963.369691167,29987.8624766561,30020.5701575649,30034.1821853332,30120.8370541357,30160.9754499278
"372",48658.9230930265,48795.439045615,48813.1237433568,48834.4761946471,48866.8718510891,48951.2710697546,48964.0754249159,49095.5015548882,49172.8339796916
"373",30349.8108249233,30552.5583499238,30590.3300241971,30610.426542393,30626.7769022112,30723.4764263346,30736.4540799361,30822.8491479434,30913.0251702119
"374",33433.7986431395,33619.5029781118,33658.3010550601,33692.4262644625,33707.2142872951,33751.7269958904,33765.8075419186,33847.1919253055,33907.573061167
"375",33315.664535389,33405.278466775,33423.6952371268,33472.5381195134,33504.2724354488,33530.8489541676,33544.6898047329,33629.6363586906,33671.0939906003
"376",29635.4891716524,29779.1501488317,29843.4783694591,29877.8130895949,29905.0426944224,29952.1974686138,29964.8040927845,30056.2212360145,30099.6549003403
"377",33153.9867759477,33314.5085375072,33342.2072812953,33433.8455002089,33473.5101258384,33509.1231778447,33540.9321033342,33668.5571000379,33769.4893945503
"378",34040.1992212033,34261.3686481968,34289.809799555,34330.9621269618,34395.1410782644,34471.5396766161,34486.4364390328,34597.0637519827,34666.1006465949
"379",44799.7837762862,44997.4351541139,45032.2257867839,45073.5588669716,45088.2270185366,45144.1864759,45197.0270420949,45284.1957911586,45336.557818865
"380",32508.0440720686,32638.9327755269,32673.3325486466,32710.5284454121,32761.8186198424,32819.232910876,32846.2046554707,32945.8534630682,33025.0066130955
"381",28785.6360555346,28907.9555447865,28963.3928571082,28986.2894982281,29023.0736825298,29086.7415345811,29115.7259261439,29220.5634823283,29279.4444934759
"382",40600.8998795651,40773.6254662384,40819.5742755458,40855.7424485015,40877.5072647064,40936.7142833563,40950.885629898,41041.4207435535,41141.1846795634
"383",43574.9975986116,43842.4645330552,43903.3806001082,43995.0509019571,44045.8430459592,44202.8839340485,44240.3764120814,44347.6187980469,44473.2232654293
"384",29143.8195192233,29368.7124243621,29435.4179445844,29499.7161687823,29536.4750830736,29641.1494945475,29657.3538004451,29818.2404938654,29896.8363215853
"385",38447.9538088276,38594.0393651112,38632.3720553612,38706.0259589388,38735.1129775591,38807.0300239135,38818.6265131617,38911.6122506057,38951.972798905
"386",39323.3937324286,39504.2375569928,39525.9580697746,39571.5942787801,39593.8158753901,39617.607680636,39628.669633259,39705.8467450002,39750.6155462495
"387",25436.943006354,25572.0328451461,25607.9905517174,25644.1589119738,25683.4589352905,25753.9365711392,25784.2891797416,25886.3516897377,25944.7772188177
"388",34432.605033403,34711.2525116103,34735.1437214353,34782.1769912019,34796.1694178887,34858.1602685109,34901.2728090235,34982.220624917,35085.0212847554
"389",39711.902176807,39877.0653160682,39894.3233371264,39933.5798411086,39955.3528321231,40000.4215776932,40024.7969669164,40132.2759352703,40178.867059088
"390",40839.3761674034,41023.1894573505,41041.7301532522,41065.5177935194,41080.1519191439,41123.9448793235,41135.7111753723,41218.1891032045,41260.283606284
"391",29889.1256012303,29997.7814936128,30034.2785860252,30104.9215886129,30121.1970223526,30221.8633236436,30258.7842144962,30364.2398329197,30412.5746802731
"392",25451.2466586752,25596.7188424565,25624.4142200719,25650.7092096374,25667.5466450641,25695.9891755871,25713.8668859449,25807.5844646308,25845.6600106905
"393",34161.6457321808,34298.5636664824,34353.8949010365,34395.8840062249,34413.3812453862,34469.0529581592,34508.0611859963,34593.9888421643,34675.6913544216
"394",32486.3523864855,32716.5220925268,32751.8530016794,32810.2631930454,32889.8616668885,32946.1871597587,32954.7264062007,33048.419097399,33086.379976472
"395",43916.0604432106,44215.571631519,44295.9686964211,44336.1472561131,44359.1307355758,44414.2842438083,44483.6114539658,44590.5988086693,44672.0515557445
"396",20036.9850609179,20125.56747938,20149.5496069024,20169.2632683063,20185.2500276367,20210.3776038732,20236.1179707643,20337.5667845443,20377.4525435561
"397",36321.2005679669,36432.6752314021,36461.7920577449,36499.8334389488,36517.7219143639,36566.8076393189,36579.8634096504,36671.6113409764,36767.8690913777
"398",28486.6056409039,28612.8720117746,28651.3171364556,28674.6410398864,28726.1767073899,28774.8516656993,28801.4681303987,28903.9699128713,28954.1633105658
"399",31093.3380332792,31242.2617213159,31286.8018311129,31343.7599586147,31361.7142762593,31442.673205844,31482.8648775661,31569.5213735863,31613.8459221726
"400",36255.6632321985,36370.3199851355,36403.5155273078,36446.2558606587,36462.2756001638,36487.6099660057,36524.0114798948,36608.3751787288,36651.7481701964
"401",31933.8440143868,32037.4164462394,32102.8299157394,32123.6307190333,32140.4475270555,32299.5888083679,32331.2846075405,32423.0227722865,32486.8385368828
"402",27047.9988276538,27169.1846800324,27188.4107554428,27208.021492304,27224.0287358714,27261.2899615784,27285.6075428785,27376.6057921014,27436.5593922381
"403",34369.0235112034,34487.1230423787,34509.7194289054,34543.6328441953,34559.6833140772,34614.5222766758,34632.4808966791,34734.5311830904,34785.3094940531
"404",37506.2586493323,37663.4419894007,37693.0923552502,37732.6873654544,37784.7764326451,37870.0000835469,37881.9837289668,37963.1772190801,38015.7244892964
"405",41436.575411336,41592.833932077,41637.0800190882,41685.4692525797,41755.816468402,41851.3192868526,41883.0657966608,42005.8184482456,42043.40608966
"406",34657.6419573998,34882.2173544012,34923.2607908085,34964.8888143099,35029.7553551102,35112.5074671538,35124.7829723405,35241.1123982321,35326.4740152744
"407",29702.2742333653,29787.9006833895,29808.4458211146,29827.5852506563,29844.6715916637,29870.3990130222,29884.4075294342,29972.7716065937,30031.3751838779
"408",34658.3856547738,34770.3866266614,34820.1935728876,34838.5888107257,34862.8410963199,34954.1024659045,34972.7832016255,35057.3716982776,35103.7174093027
"409",26852.4963582763,27002.1169258731,27079.15277776,27109.9756286422,27180.1807010975,27264.2166789165,27287.2776521213,27383.6662010485,27454.1531123375
"410",32540.0588968509,32696.6483232479,32777.4316150174,32831.3521540753,32874.7544497852,33003.7824278336,33023.7183462666,33128.1533868294,33171.1117040463
"411",26571.2170487143,26749.635875427,26816.0510776123,26844.8032363095,26869.6065102318,26924.7284630972,26950.197509169,27035.1986805156,27079.2389382571
"412",26789.0167269766,26999.0120881482,27026.4443697432,27081.8667109401,27120.3401039715,27220.1028572735,27242.6929913444,27344.4171657931,27394.6513649835
"413",36838.1820428323,36945.0619741485,36971.0539516522,37017.268024832,37032.2377389234,37114.9160401809,37128.6916381664,37237.894923011,37276.5636585771
"414",37832.3877990873,37981.6505212628,38024.1113817521,38047.5829317871,38081.0661472875,38171.4193921793,38196.9874821909,38331.2574813393,38416.1613308398
"415",38652.2103940478,38792.2947774945,38817.0745687495,38876.642273716,38907.7884295429,38995.3030478447,39009.358921117,39106.1882180813,39159.324960275
"416",37975.1361891998,38209.7902547315,38236.5138864837,38277.3067589788,38303.8481282085,38365.7526230723,38408.1068453478,38495.5341732701,38553.0269345871
"417",42422.7747798255,42706.46530699,42776.3054112469,42825.1001536159,42877.734673215,42991.5378304249,43054.0094360333,43172.0202439847,43255.6454741937
"418",20836.5992141716,20947.9178326315,20996.8807491436,21053.6301828129,21089.9692080311,21177.9299524766,21206.0006455987,21325.5669479355,21378.6530573104
"419",25682.388697313,25894.3056876657,25959.8252188548,26005.0799601123,26041.4494373018,26096.4251716054,26126.2633701131,26238.7851104973,26339.0566097442
"420",38224.0905976911,38330.090341138,38347.9342332196,38369.8250046187,38416.4072747898,38470.3619581223,38481.5717162527,38600.20397098,38640.2246676963
"421",21110.6298262254,21200.7802395324,21220.4996615557,21245.1035744414,21257.9065530353,21285.3954566556,21303.9232561581,21385.9850255918,21428.2226806496
"422",52346.2066300627,52607.362200518,52710.7327165953,52802.9756675321,52827.0169806546,52937.8088216198,52978.4889656269,53071.912521824,53121.6690466154
"423",33250.8687883203,33360.3357415503,33400.4560440678,33524.5921548835,33538.7954962279,33627.211241569,33668.2207589352,33808.9828337011,33874.7711129568
"424",37878.9441249607,38093.4807165069,38150.2650408966,38197.8871643498,38235.4577343622,38333.298226812,38346.0916723598,38449.2771670868,38562.9899969107
"425",41799.6832912578,42042.3415055962,42073.2588481236,42131.7729658448,42147.1762494921,42334.6184574909,42361.182352432,42469.782166239,42516.0043774937
"426",35121.3405239178,35221.3552022397,35264.4902401378,35300.81418471,35367.9737870647,35413.4052344541,35428.2287065492,35516.2249380223,35574.2977628619
"427",33940.325341016,34113.7523159533,34160.4667956729,34232.4267535536,34272.8044553536,34317.0741221416,34344.6292465722,34423.1457511918,34459.8897518094
"428",47780.0981887164,48026.2438574998,48085.8788185955,48125.2155292603,48139.3053290933,48175.469016404,48188.9206412787,48273.8802247928,48358.8053662527
"429",37722.9916584952,37870.0204628695,37930.3595491385,38012.3312053349,38060.9538648202,38110.2227841765,38146.6088946059,38270.1863720302,38361.3307455249
"430",31117.3007701678,31279.3935719407,31343.6400757337,31367.4173063723,31411.6425055245,31503.5168297822,31528.2189392712,31649.3133502102,31759.3270199704
"431",31490.5017877846,31614.6050093341,31631.2587447007,31665.2480797982,31694.0691152251,31747.2620321417,31758.9153907706,31858.9571757771,31922.7687948344
"432",27619.0353262607,27708.7826992161,27728.6170451628,27746.7762548162,27782.7939029613,27852.9325330207,27874.754688957,27961.680418884,28001.4213565307
"433",20195.5173053946,20297.3417159357,20344.954379104,20374.760493099,20390.6984538783,20430.734098794,20459.2960135264,20536.9589877839,20579.4203149318
"434",41385.7037076064,41463.3973098125,41483.1574040363,41501.5137793076,41528.3582675941,41579.6276277541,41594.978123452,41681.3631937257,41742.9324091617
"435",39322.8003466714,39440.5864305701,39463.7339910795,39524.1735412597,39566.8622974206,39602.6939068589,39617.9273492323,39704.6842107988,39759.9174399667
"436",28138.3964535658,28249.19492977,28270.3573092391,28303.6020987411,28317.7052221545,28396.2278048759,28418.7659363892,28504.9150216232,28547.8296329254
"437",39487.2098318704,39614.9714918857,39679.424139293,39754.8440120345,39774.16411084,39840.3073978263,39853.3572012405,39995.7485866063,40037.7896753461
"438",34095.6831294226,34307.439586833,34337.9292471033,34371.3124295282,34384.5426022641,34434.5508728635,34479.8109319613,34572.1915207467,34637.7197660708
"439",42605.1238584749,42797.3778806108,42838.1735402241,42860.3960577689,42917.3240849465,42965.0175117122,43001.3297665518,43120.8236754632,43187.1245854011
"440",25885.8219637213,26013.3611650838,26043.0304565644,26064.350328464,26098.0255193254,26180.1336815423,26197.9897338375,26300.1179504802,26395.7103495415
"441",43320.4510260758,43443.1714111083,43485.1476287561,43517.5713740724,43532.5321387066,43577.4647638391,43591.0369905159,43697.1232525546,43770.4751561773
"442",25171.2945437067,25281.1701756373,25314.3154165932,25333.4592645126,25367.235845781,25416.492500303,25429.5827787777,25515.0960649034,25553.3550461603
"443",21064.5127449708,21187.0771198239,21220.0802111648,21287.1547290961,21303.1512562478,21374.1851399563,21385.8614186056,21509.0867522706,21570.0844747665
"444",39620.030512259,39736.2483069182,39833.6501968609,39891.0193041163,39903.7636019681,39955.5161815505,39969.512762555,40087.5496525047,40164.953797423
"445",36182.5481537019,36504.3028632987,36585.8945346507,36616.5952273027,36654.3534170003,36750.4000173146,36792.9425048004,36905.6122926911,37012.8856378586
"446",41811.1398214338,41989.5792026313,42025.1346596845,42076.1446437988,42092.5379926238,42179.9593307016,42196.0242648791,42281.5013008666,42337.1836829224
"447",32431.253052644,32511.4753735457,32551.5372289172,32585.6036234751,32601.440099435,32642.2150841926,32654.1574144535,32750.4109693658,32791.8521536201
"448",34695.6078983194,34824.2295792732,34860.0590402364,34883.074666713,34899.129679921,34994.9997926032,35007.798592482,35092.6816784249,35135.5901292922
"449",23349.8999040656,23607.2118128522,23718.1937970265,23759.9511687184,23809.6998429398,23931.8001170753,24015.7946384537,24100.6962004153,24232.0076225454
"450",36506.3709569444,36754.0313584682,36831.6686907778,36895.3020498907,36939.4936198636,37073.5064723978,37088.4824916612,37204.8171858086,37278.4422255011
"451",44913.2248271415,44998.2483610802,45034.7486069645,45054.1381846294,45078.8734647822,45165.2605392426,45179.2781349685,45263.0958541766,45304.1512766943
"452",27404.414493983,27484.9208398544,27534.7472320609,27586.5504218896,27612.0461329416,27668.8464117472,27699.8463554243,27783.8931023827,27823.0748319695
"453",34620.9515408402,34751.3586088396,34773.3331579783,34792.585999254,34809.9035358951,34887.9496006512,34900.7697145551,34984.7529752412,35023.62913969
"454",29004.9192883558,29190.503961643,29288.9058623339,29334.0482752752,29363.7934421115,29508.0928111832,29541.0825077796,29626.357579417,29671.3502369279
"455",33725.2267096677,33863.389820712,33946.1302190316,34014.8732820562,34102.3948797165,34149.3989364031,34170.3062328066,34273.7391279871,34331.2346641461
"456",41835.0333977991,42063.5608912159,42117.8205828806,42146.4510056752,42191.3268984433,42241.9385762418,42295.0240737488,42388.4987537165,42447.8928243486
"457",27513.8097916956,27675.8783842503,27720.0986912492,27766.4866203592,27813.6470277053,27877.6718908287,27920.597321939,28016.2766972723,28088.5559166656
"458",40836.1946854249,41117.4599230676,41207.3783631854,41269.1832257699,41342.7014629815,41396.3645449577,41413.5485066303,41532.1088133386,41588.2061307564
"459",38535.0276747299,38668.4136592726,38694.6942359189,38712.8641440605,38750.2198364289,38774.3194757453,38787.6319368926,38874.8671183938,38914.515925333
"460",43404.5393925054,43607.0465872878,43714.6089363368,43796.639696476,43854.9797731787,43918.5101456031,43946.8123303622,44032.936854419,44083.4599896721
"461",35969.0632159435,36141.7292571118,36216.2641174626,36268.2342867857,36302.3087175688,36390.2856189114,36419.6841203657,36499.2621894607,36554.2712991172
"462",24076.2689356415,24195.4066318743,24219.4076458314,24238.7685105064,24267.4993151614,24315.9913384221,24330.5027694255,24415.8844741231,24456.09032914
"463",34383.0690449602,34523.7961218796,34580.7091184431,34626.2995363783,34654.7289995685,34721.1311819406,34731.4727493719,34812.2134790313,34855.406939539
"464",28503.6498367544,28553.3080067086,28584.2472931527,28602.9351922633,28609.2338774681,28664.9647108393,28676.0476206324,28762.9307648513,28808.8744858237
"465",39947.6828490241,40094.9221097978,40152.2148432328,40194.2799927533,40235.0360358891,40360.4038487856,40372.4130250152,40476.7143279918,40533.9030925809
"466",26811.8676103625,26890.0454125847,26930.2964880233,26963.4442526275,27016.4100940073,27097.3926345591,27155.1002018666,27294.3648407242,27356.2505823395
"467",32695.6457807969,32931.8357409068,32947.5803184297,32964.6671628312,32990.6911139502,33075.7803868432,33089.3902781068,33174.2836644494,33225.1815223743
"468",34492.8408773594,34661.2806550693,34686.2885481687,34705.7232405844,34745.5213378992,34809.9812411328,34821.4883287733,34911.7353301779,34956.4308165909
"469",30465.7685761673,30541.8507836229,30576.432649836,30617.975979765,30643.4497916203,30711.9358170429,30734.2476204605,30824.7933672082,30887.7206637984
"470",39393.7762031044,39591.749152002,39630.9930070954,39652.448166083,39704.4021643602,39809.3628693207,39841.5015184307,39929.4355081596,39973.6278200831
"471",36566.674844157,36776.6933414071,36831.2694212322,36860.8250032578,36929.6103982828,37029.97193172,37085.7731536487,37203.6845473546,37278.4984472917
"472",38072.0928749148,38203.6146477187,38222.8848282592,38246.7652519753,38278.5830381108,38321.7506749077,38336.6141569009,38438.76891844,38483.1292795209
"473",42067.3770685441,42199.1710136156,42273.9193536666,42309.1795677839,42353.7383024291,42427.089899859,42441.5203083931,42537.6116056657,42594.8730028265
"474",45191.8680443055,45307.6348358523,45337.5383883155,45358.5487179864,45392.3325570971,45448.7638930313,45462.6513200391,45551.0665926053,45586.150365472
"475",35015.0299206798,35155.6130004459,35172.863603757,35191.0038545401,35213.5491876006,35273.223496773,35292.457507097,35380.0665248154,35425.722011805
"476",31988.8782757543,32138.3875812695,32184.163117791,32249.9178554866,32272.1583404427,32338.2939896375,32363.915530007,32463.781594029,32518.1076235747
"477",39890.5255650773,40085.9554767023,40129.147471036,40162.0796338256,40188.2779223384,40268.6055780545,40282.7914695794,40379.2269002515,40430.7685728803
"478",22490.6113658861,22639.9458576646,22672.50770479,22694.5112070537,22711.3622163417,22747.5800255194,22763.7432885339,22850.7335174778,22889.3149364738
"479",24891.7018117272,24994.3614211547,25059.2977257416,25096.1222078666,25139.2145031846,25200.2769624953,25212.6127376772,25302.8205920526,25368.7243840025
"480",41575.3785398318,41717.029526291,41756.4832910363,41776.819135849,41791.0108856788,41863.0807022306,41876.9792984759,41974.0841299395,42025.0956330208
"481",40839.8547704281,40962.7189362854,40997.9898392975,41038.5430681204,41077.1695968382,41119.067127701,41139.7086363413,41229.0996784478,41273.6210861238
"482",42909.5184794466,43150.2630106539,43217.2198411353,43243.973913048,43300.6199866675,43392.960324759,43445.648974011,43569.9306372383,43608.5743242807
"483",26863.1870264842,26938.4270740904,26968.080558704,26988.3527218079,27007.250361511,27044.825298688,27056.3305227905,27169.3186398392,27214.246674549
"484",36880.1725763612,37247.1816594551,37299.4798538716,37365.5987189955,37397.1655711966,37461.3370025856,37535.4304865355,37628.8306515867,37723.2546812714
"485",33389.6433454978,33514.2625690088,33551.7400576689,33584.0072580973,33643.1178442829,33716.2643000418,33759.6349664186,33871.2999553738,33936.7360222382
"486",47717.1879194543,47872.7245824645,47901.5704442463,47929.6406319832,47965.3961553301,48029.9043327567,48056.2681635646,48176.0047457975,48216.1273861705
"487",33051.4891696706,33319.6805137225,33358.4034645914,33404.8458097723,33471.2323597084,33535.9543641073,33555.0773157165,33643.09777865,33753.9515567806
"488",30613.7604721577,30760.9101667873,30815.6694632231,30854.7672731341,30878.2368341026,30965.4292433653,30979.3173112948,31066.9803843801,31145.9551066261
"489",45750.5608625582,45876.7516081774,45924.8908143973,45950.8208209097,45983.3596002973,46071.2615857016,46084.7226381198,46191.1871333605,46250.2849020461
"490",31944.700521878,32075.4545013018,32091.2669089328,32131.6035893587,32150.2610957178,32176.8803339188,32187.0909523834,32274.7392415038,32332.2725176326
"491",24773.5927077339,24907.9021580249,24974.316580965,24993.9273226874,25010.2987910953,25092.0981029962,25119.853870488,25206.7267729584,25254.3175243339
"492",32846.7185761068,32974.5770488668,32994.81064996,33046.8815868372,33068.5191846701,33134.9580400554,33149.0344606966,33233.3438483682,33267.5401671089
"493",38932.87620313,39067.8935480231,39124.5200183176,39184.1386157628,39219.9774901495,39279.8047886249,39293.5791563852,39382.1930109981,39428.5077724241
"494",32944.2294898047,33192.0780308244,33224.5552799807,33244.0309208467,33299.0443747113,33415.2922443892,33440.8299179743,33525.9968946785,33615.6684510062
"495",36780.9743677752,36946.7654217746,36994.6788123227,37022.1990567825,37037.6630744629,37133.0293214054,37207.756643186,37318.2667390141,37394.0663105016
"496",37829.2997346972,37983.6923658297,38038.6307355068,38100.7261036935,38126.1463112653,38185.8612379557,38215.0967084258,38325.6680021281,38408.6488067355
"497",28125.9753510313,28311.5070095091,28397.0681692932,28414.2632495673,28446.9425081882,28506.3593269062,28563.562592689,28660.3554657175,28718.1587491647
"498",30091.7632407194,30228.8604002188,30259.1930327113,30308.159473461,30340.5937423901,30414.6114253189,30446.8484709658,30552.5904385406,30594.334776888
"499",31853.4388590804,32155.8351739764,32256.0441053206,32346.3910426531,32397.3110515777,32631.4092623034,32671.9293944744,32834.8502640891,32918.3906247469
"500",34265.6402638425,34536.7158954061,34568.5406375896,34628.2972317551,34640.1722022917,34674.4962441828,34690.7757636483,34787.6774898692,34878.0698570749
